course_id,enrollments,withdrawals,failed,completed_credits,attempted_credits,withdrawal_rate,failure_rate,credit_completion_rate,subject,course_level,credits,course_title
BUS100,2033,134,128,5487,6099,0.0659124446630595,0.0629611411706837,0.8996556812592228,BUS,100,3,BUS Applied Concepts 100
BUS200,1966,147,113,5244,5898,0.0747711088504577,0.0574771108850457,0.8891149542217701,BUS,200,3,BUS Applied Concepts 200
BUS300,2078,130,145,5613,6234,0.0625601539942252,0.0697786333012512,0.9003849855630414,BUS,300,3,BUS Applied Concepts 300
BUS400,1985,133,119,5379,5955,0.0670025188916876,0.0599496221662468,0.9032745591939546,BUS,400,3,BUS Applied Concepts 400
BUS500,2045,136,116,5520,6135,0.0665036674816625,0.056723716381418,0.8997555012224939,BUS,500,3,BUS Applied Concepts 500
BUS600,2107,151,146,5649,6321,0.0716658756525866,0.0692928334124347,0.893687707641196,BUS,600,3,BUS Applied Concepts 600
COM100,833,63,56,2241,2499,0.0756302521008403,0.0672268907563025,0.8967587034813925,COM,100,3,COM Applied Concepts 100
COM200,770,54,44,2061,2310,0.0701298701298701,0.0571428571428571,0.8922077922077922,COM,200,3,COM Applied Concepts 200
COM300,823,70,54,2166,2469,0.0850546780072904,0.0656136087484811,0.8772782503037667,COM,300,3,COM Applied Concepts 300
COM400,751,52,42,2025,2253,0.0692410119840213,0.0559254327563249,0.8988015978695073,COM,400,3,COM Applied Concepts 400
COM500,777,58,41,2100,2331,0.0746460746460746,0.0527670527670527,0.9009009009009008,COM,500,3,COM Applied Concepts 500
COM600,826,55,52,2220,2478,0.0665859564164648,0.0629539951573849,0.8958837772397095,COM,600,3,COM Applied Concepts 600
EDU100,1083,86,64,2880,3249,0.0794090489381348,0.0590951061865189,0.8864265927977839,EDU,100,3,EDU Applied Concepts 100
EDU200,1088,78,56,2940,3264,0.0716911764705882,0.0514705882352941,0.9007352941176472,EDU,200,3,EDU Applied Concepts 200
EDU300,1032,74,64,2787,3096,0.0717054263565891,0.0620155038759689,0.9001937984496124,EDU,300,3,EDU Applied Concepts 300
EDU400,1046,73,50,2841,3138,0.0697896749521988,0.0478011472275334,0.9053537284894836,EDU,400,3,EDU Applied Concepts 400
EDU500,1054,62,65,2874,3162,0.0588235294117647,0.0616698292220113,0.9089184060721064,EDU,500,3,EDU Applied Concepts 500
EDU600,1082,60,71,2952,3246,0.055452865064695,0.065619223659889,0.909426987060998,EDU,600,3,EDU Applied Concepts 600
ENG100,8067,785,758,20589,24201,0.0973100285112185,0.0939630593777116,0.850749969009545,ENG,100,3,ENG Applied Concepts 100
ENG200,7989,576,518,21372,23967,0.0720991363124295,0.0648391538365252,0.8917261234197021,ENG,200,3,ENG Applied Concepts 200
ENG300,7992,574,550,21390,23976,0.0718218218218218,0.0688188188188188,0.8921421421421422,ENG,300,3,ENG Applied Concepts 300
ENG400,8071,587,509,21597,24213,0.0727295254615289,0.063065295502416,0.8919588650724817,ENG,400,3,ENG Applied Concepts 400
ENG500,7988,557,470,21576,23964,0.0697295943915873,0.0588382573860791,0.900350525788683,ENG,500,3,ENG Applied Concepts 500
ENG600,8102,587,535,21594,24306,0.0724512466057763,0.0660330782522833,0.8884226117008146,ENG,600,3,ENG Applied Concepts 600
GEN100,8046,566,498,21636,24138,0.0703455132985334,0.0618941088739746,0.8963460104399702,GEN,100,3,GEN Applied Concepts 100
GEN200,8090,586,516,21696,24270,0.0724351050679851,0.0637824474660074,0.8939431396786156,GEN,200,3,GEN Applied Concepts 200
GEN300,8049,589,545,21540,24147,0.0731767921480929,0.0677102745682693,0.8920362777984843,GEN,300,3,GEN Applied Concepts 300
GEN400,8008,605,506,21372,24024,0.0755494505494505,0.0631868131868131,0.8896103896103896,GEN,400,3,GEN Applied Concepts 400
GEN500,7961,622,490,21252,23883,0.078130888079387,0.0615500565255621,0.8898379600552694,GEN,500,3,GEN Applied Concepts 500
GEN600,8048,575,489,21606,24144,0.0714463220675944,0.0607604373757455,0.8948807157057654,GEN,600,3,GEN Applied Concepts 600
HCA100,1184,129,98,2994,3552,0.1089527027027027,0.0827702702702702,0.8429054054054054,HCA,100,3,HCA Applied Concepts 100
HCA200,1159,83,53,3171,3477,0.0716134598792062,0.0457290767903365,0.911993097497843,HCA,200,3,HCA Applied Concepts 200
HCA300,1174,87,72,3135,3522,0.0741056218057921,0.0613287904599659,0.8901192504258943,HCA,300,3,HCA Applied Concepts 300
HCA400,1160,85,84,3069,3480,0.0732758620689655,0.0724137931034482,0.881896551724138,HCA,400,3,HCA Applied Concepts 400
HCA500,1227,74,84,3342,3681,0.0603096984515077,0.0684596577017114,0.9079054604726976,HCA,500,3,HCA Applied Concepts 500
HCA600,1189,95,63,3177,3567,0.0798990748528175,0.0529857022708158,0.8906644238856182,HCA,600,3,HCA Applied Concepts 600
IT100,1494,146,138,3825,4482,0.0977242302543507,0.0923694779116465,0.8534136546184738,IT,100,3,IT Applied Concepts 100
IT200,1402,114,95,3726,4206,0.0813124108416547,0.0677603423680456,0.8858773181169758,IT,200,3,IT Applied Concepts 200
IT300,1485,88,101,4011,4455,0.0592592592592592,0.068013468013468,0.9003367003367003,IT,300,3,IT Applied Concepts 300
IT400,1454,94,98,3930,4362,0.0646492434662998,0.0674002751031636,0.9009628610729024,IT,400,3,IT Applied Concepts 400
IT500,1486,97,89,4008,4458,0.0652759084791386,0.0598923283983849,0.8990578734858681,IT,500,3,IT Applied Concepts 500
IT600,1434,96,104,3858,4302,0.0669456066945606,0.0725244072524407,0.8967921896792189,IT,600,3,IT Applied Concepts 600
MAT100,8028,826,685,20481,24084,0.1028898854010961,0.0853263577478824,0.8503986048829099,MAT,100,3,MAT Applied Concepts 100
MAT200,8045,546,488,21732,24135,0.0678682411435674,0.0606587942821628,0.9004350528278434,MAT,200,3,MAT Applied Concepts 200
MAT300,8073,573,471,21714,24219,0.070977331846897,0.0583426235600148,0.8965688096122879,MAT,300,3,MAT Applied Concepts 300
MAT400,8103,594,505,21636,24309,0.0733061828952239,0.0623225965691719,0.890040725657164,MAT,400,3,MAT Applied Concepts 400
MAT500,8225,581,518,22077,24675,0.0706382978723404,0.0629787234042553,0.8947112462006079,MAT,500,3,MAT Applied Concepts 500
MAT600,8115,608,480,21705,24345,0.0749229821318546,0.0591497227356746,0.8915588416512631,MAT,600,3,MAT Applied Concepts 600
PSY100,1584,110,94,4275,4752,0.0694444444444444,0.0593434343434343,0.8996212121212122,PSY,100,3,PSY Applied Concepts 100
PSY200,1541,102,115,4143,4623,0.0661907852044127,0.0746268656716417,0.8961713173264114,PSY,200,3,PSY Applied Concepts 200
PSY300,1572,112,94,4242,4716,0.0712468193384223,0.059796437659033,0.8994910941475827,PSY,300,3,PSY Applied Concepts 300
PSY400,1568,110,99,4230,4704,0.0701530612244897,0.0631377551020408,0.8992346938775511,PSY,400,3,PSY Applied Concepts 400
PSY500,1541,103,84,4176,4623,0.0668397144711226,0.054510058403634,0.9033095392602206,PSY,500,3,PSY Applied Concepts 500
PSY600,1519,123,110,3990,4557,0.0809743252139565,0.0724160631994733,0.8755760368663594,PSY,600,3,PSY Applied Concepts 600
SCI100,8057,579,498,21648,24171,0.0718629762939059,0.0618096065533076,0.8956187166439121,SCI,100,3,SCI Applied Concepts 100
SCI200,7882,567,471,21216,23646,0.0719360568383659,0.0597564070032986,0.8972342045166202,SCI,200,3,SCI Applied Concepts 200
SCI300,8012,566,479,21570,24036,0.0706440339490763,0.0597853220169745,0.8974038941587619,SCI,300,3,SCI Applied Concepts 300
SCI400,8205,580,530,22023,24615,0.0706886045094454,0.0645947592931139,0.8946983546617916,SCI,400,3,SCI Applied Concepts 400
SCI500,8046,576,499,21627,24138,0.0715883668903803,0.0620183942331593,0.8959731543624161,SCI,500,3,SCI Applied Concepts 500
SCI600,8116,562,487,21867,24348,0.0692459339576146,0.0600049285362247,0.8981025135534746,SCI,600,3,SCI Applied Concepts 600
